YTChannel,Link
https://www.youtube.com/channel/UCIGDcUqL2kKMdJCpIr_dfxg,
https://www.youtube.com/channel/UCn61uYvSF1Rp3MqDuwsGElg,
https://www.youtube.com/channel/UClSse6Ecr9J5M4UNdesvOFw,
https://www.youtube.com/channel/UCZwU4LZHO1xY4RHdjtBWGhA,
https://www.youtube.com/channel/UCq9iu5m4O7_gGVZzVH4iELA,
https://www.youtube.com/channel/UC1Sa_cuvfDuzNeCd4EOTgbQ,
https://www.youtube.com/channel/UCmOgQj8nPBGSC-Ukuw409ZA,
https://www.youtube.com/channel/UC0Y2hFSD99tkL2orUz7A6cA,
https://www.youtube.com/channel/UCFQzl89P1a0AjwUMhnb6eqA,
https://www.youtube.com/channel/UCKokgXzj4JFVUZFIpJJTmKg,
https://www.youtube.com/channel/UCwBm0UwyYn7H4wcKc3xtjFw,
https://www.youtube.com/channel/UCJda2-sh1bFMI2vBaBw7QVA,
https://www.youtube.com/channel/UC-72nm3oWPVpsXmNtKfYYIQ,
https://www.youtube.com/channel/UCaiooWKWblif90z4R4yu37g,
https://www.youtube.com/channel/UCCfvTqM858j_w1AZlAu5xSQ,
https://www.youtube.com/channel/UC5ZxsiTICVCv5XcMAcsYArA,
https://www.youtube.com/channel/UCVjUgs47KpgOr-JSi0APRDQ,
https://www.youtube.com/channel/UCCb-PR3Z-Gnc7ALqNyT_4Qg,
https://www.youtube.com/channel/UCuuQK5whlaMC1KTFGy_qFWQ,
https://www.youtube.com/channel/UCGnGqZI7ePVTr82JFupXSwg,
https://www.youtube.com/channel/UC8v9822U5OydFOAKka5SJfQ,
https://www.youtube.com/channel/UCCeHnMjq-57OMVKj9Rqb9lA,
https://www.youtube.com/channel/UCyyp_L6q0ghWM535v9Jke6g,
https://www.youtube.com/channel/UCPVhK6_gXEnZvI6ppUJR59Q,
https://www.youtube.com/channel/UCu3vx7vKJbZjB4Us9P1sWwA,
https://www.youtube.com/channel/UCKisipIixEnFI8zkhSs-WzQ,
https://www.youtube.com/channel/UCc4ee5CkKgz26F6qlo8ap1Q,
https://www.youtube.com/channel/UCekRT2J0fmGlJZ1vr4Pfq8w,
https://www.youtube.com/channel/UC4PuQWfEZsgj71tUI1cTZag,
https://www.youtube.com/channel/UCMMSgGr3voFUqS1xYaBVaYQ,
https://www.youtube.com/channel/UClBMTtSQGJJEe1WFGQZaclg,
https://www.youtube.com/channel/UC6dex0UKATJFAp_qPJy6jbw,
https://www.youtube.com/channel/UCuLiHsfAiK6Rjf02LZSeIjQ,
https://www.youtube.com/channel/UCxbZS-eEncB_MUj_osRP89Q,
https://www.youtube.com/channel/UCFmUuJNIgxHKqzs3cpCablA,
https://www.youtube.com/channel/UCW8XX3BJyRmAGaAVahLLkhw,
https://www.youtube.com/channel/UCwNmlNjr3LXNdkBfxZ2Z49g,
https://www.youtube.com/channel/UClOQrZIZQZojI3CmJ3jC2eg,
https://www.youtube.com/channel/UC9xZ4-d1kNbR4tYeOd1qJvg,
https://www.youtube.com/channel/UCnQaKUxOz71_Jm5NuFYEvTw,
https://www.youtube.com/channel/UCQJKKG1Q6Xt_xcWWcDJduEA,
https://www.youtube.com/channel/UCcHptRHnLtvF9swMoiSQ8jA,
https://www.youtube.com/channel/UClFxYHHykViVjthKmtlmi9w,
https://www.youtube.com/channel/UCXDno5jKIHJCv3QMeR6UYzQ,
https://www.youtube.com/channel/UCIT7rx8W4hxruHVxM0kO8Xg,
https://www.youtube.com/channel/UCpD5yLMdABjP_Aw-MxjAfbA,
https://www.youtube.com/channel/UCo47e9aiI-AZ_74N7OBYg2Q,
https://www.youtube.com/channel/UCb-xXZ7ltTvrh9C6DgB9H-Q,
https://www.youtube.com/channel/UCI4DtDeotlNfzDpTqzBzV4Q,
https://www.youtube.com/channel/UCJPJe1WSn5Mc6CR5J-Ku4Lg,
